Workbook

Sheet FISCALES 2026
G1: SF/UACM/IA-02
B3: CONCILIACIÓN BANCARIA
B4: H. AYUNTAMIENTO CONSTITUCIONAL DE ACAJETE, VER.
B6: MUNICIPIO 001
B8: CONCILIACIÓN BANCARIA AL 31 DE MARZO DE 2026
B10: FUENTE DE FINANCIAMIENTO: INGRESOS FISCALES 2026
B12: FISCALES 2026
B14: CTA CONTABLE: 1.1.1.2.05.06 | F14: N° DE CUENTA: 18-00034992-9
B15: BANCO: SANTANDER | F15: SUCURSAL: 1760 SUC. AMERICAS XALAPA
B17: SALDO DEL ESTADO DE CUENTA BANCARIO AL 31 DE MARZO DE 2026 | G17: 36983.53
B19: MÁS DEPÓSITOS NO ACREDITADOS POR EL BANCO: | G19: =+SUM(F21:F41) -> 154783.85
B20: FECHA | C20: CONCEPTO | F20: IMPORTE
B21: =+'DEPOSITOS CTA FISCALES'!B18 -> 31/03/2026 | D21: =+'DEPOSITOS CTA FISCALES'!D18 -> REGISTRO DEL DEPOSITO DE LA RECAUDACION DEL DIA 02 DE MARZO DE 2026 | F21: =+'DEPOSITOS CTA FISCALES'!E18 -> 10380.24
B22: =+'DEPOSITOS CTA FISCALES'!B19 -> 31/03/2026 | D22: =+'DEPOSITOS CTA FISCALES'!D19 -> REGISTRO DEL DEPOSITO DE LA RECAUDACION DEL DIA 03 DE MARZO DE 2026 | F22: =+'DEPOSITOS CTA FISCALES'!E19 -> 7339.25
B23: =+'DEPOSITOS CTA FISCALES'!B20 -> 31/03/2026 | D23: =+'DEPOSITOS CTA FISCALES'!D20 -> REGISTRO DEL DEPOSITO DE LA RECAUDACION DEL DIA 04 DE MARZO DE 2026 | F23: =+'DEPOSITOS CTA FISCALES'!E20 -> 21656.56
B24: =+'DEPOSITOS CTA FISCALES'!B21 -> 31/03/2026 | D24: =+'DEPOSITOS CTA FISCALES'!D21 -> REGISTRO DEL DEPOSITO DE LA RECAUDACION DEL DIA 05 DE MARZO DE 2026 | F24: =+'DEPOSITOS CTA FISCALES'!E21 -> 4730.44
B25: =+'DEPOSITOS CTA FISCALES'!B22 -> 31/03/2026 | D25: =+'DEPOSITOS CTA FISCALES'!D22 -> REGISTRO DEL DEPOSITO DE LA RECAUDACION DEL DIA 06 DE MARZO DE 2026 | F25: =+'DEPOSITOS CTA FISCALES'!E22 -> 8070.35
B26: =+'DEPOSITOS CTA FISCALES'!B23 -> 31/03/2026 | D26: =+'DEPOSITOS CTA FISCALES'!D23 -> REGISTRO DEL DEPOSITO DE LA RECAUDACION DEL DIA 09 DE MARZO DE 2026 | F26: =+'DEPOSITOS CTA FISCALES'!E23 -> 6100.12
B27: =+'DEPOSITOS CTA FISCALES'!B24 -> 31/03/2026 | D27: =+'DEPOSITOS CTA FISCALES'!D24 -> REGISTRO DEL DEPOSITO DE LA RECAUDACION DEL DIA 10 DE MARZO DE 2026 | F27: =+'DEPOSITOS CTA FISCALES'!E24 -> 7417.14
B28: =+'DEPOSITOS CTA FISCALES'!B25 -> 31/03/2026 | D28: =+'DEPOSITOS CTA FISCALES'!D25 -> REGISTRO DEL DEPOSITO DE LA RECAUDACION DEL DIA 11 DE MARZO DE 2026 | F28: =+'DEPOSITOS CTA FISCALES'!E25 -> 2763.14
B29: =+'DEPOSITOS CTA FISCALES'!B26 -> 31/03/2026 | D29: =+'DEPOSITOS CTA FISCALES'!D26 -> REGISTRO DEL DEPOSITO DE LA RECAUDACION DEL DIA 12 DE MARZO DE 2026 | F29: =+'DEPOSITOS CTA FISCALES'!E26 -> 3149.6
B30: =+'DEPOSITOS CTA FISCALES'!B27 -> 31/03/2026 | D30: =+'DEPOSITOS CTA FISCALES'!D27 -> REGISTRO DEL DEPOSITO DE LA RECAUDACION DEL DIA 13 DE MARZO DE 2026 | F30: =+'DEPOSITOS CTA FISCALES'!E27 -> 7159.05
B31: =+'DEPOSITOS CTA FISCALES'!B28 -> 31/03/2026 | D31: =+'DEPOSITOS CTA FISCALES'!D28 -> REGISTRO DEL DEPOSITO DE LA RECAUDACION DEL DIA 17 DE MARZO DE 2026 | F31: =+'DEPOSITOS CTA FISCALES'!E28 -> 12323.76
B32: =+'DEPOSITOS CTA FISCALES'!B29 -> 31/03/2026 | D32: =+'DEPOSITOS CTA FISCALES'!D29 -> REGISTRO DEL DEPOSITO DE LA RECAUDACION DEL DIA 18 DE MARZO DE 2026 | F32: =+'DEPOSITOS CTA FISCALES'!E29 -> 6022.32
... B40: =+'DEPOSITOS CTA FISCALES'!B37 -> 31/03/2026 | D40: =+'DEPOSITOS CTA FISCALES'!D37 -> REGISTRO DEL DEPOSITO DE LA RECAUDACION DEL DIA 31 DE MARZO DE 2026 | F40: =+'DEPOSITOS CTA FISCALES'!E37 -> 17076.51
B42: MENOS CHEQUES NO COBRADOS: | G42: =SUM(F44:F44) -> 0
B43: FECHA: | C43: No. DE CHEQUE | D43: CONCEPTO: | F43: IMPORTE
B46: MÁS CARGOS DEL BANCO NO CORRESPONDIDOS: | G46: -
B47: FECHA: | D47: CONCEPTO: | F47: IMPORTE:
B49: MENOS CRÉDITOS DEL BANCO NO CORRESPONDIDOS: | G49: -
B50: FECHA: | D50: CONCEPTO: | F50: IMPORTE:
B53: SALDO EN LIBROS AL CIERRE DE MES: | G53: =+G17+G19-G42 -> 191767.38 | H53: $191,767.38 | I53: =+H53-G53 -> 0

Sheet CHEQUES
F1: SF/UACM/IA-03
B3: H. AYUNTAMIENTO CONSTITUCIONAL DE ACAJETE, VER.
B5: RELACIÓN DE CHEQUES EN TRÁNSITO
A7: FUENTE DE FINANCIAMIENTO: INGRESOS FISCALES 2026
B9: FISCALES 2026
B11: N° DE CUENTA: 18-00034992-9 | E11: CTA CONTABLE: 1.1.1.2.05.06
B12: INSTITUCIÓN BANCARIA: SANTANDER | E12: SUCURSAL: 1760 SUC. AMERICAS XALAPA
B14: AL MES DE : MARZO DE 2026
B15: FECHA | C15: N° DE CHEQUE | D15: BENEFICIARIO | E15: CONCEPTO | F15: IMPORTE
E18: TOTAL | F18: =SUM(F16:F16) -> 0

Sheet DEPOSITOS CTA FISCALES
E1: SF/UACM/IA-03
B3: H. AYUNTAMIENTO CONSTITUCIONAL DE ACAJETE, VER.
B5: DEPÓSITOS PENDIENTES DE REGISTRAR POR EL BANCO
A7: FUENTE DE FINANCIAMIENTO: INGRESOS FISCALES 2026
A10: FISCALES 2026
B12: N° DE CUENTA: 18-00034992-9 | D12: CTA CONTABLE: 1.1.1.2.05.06
B13: INSTITUCIÓN BANCARIA: SANTANDER | D13: SUCURSAL: 1760 SUC. AMERICAS XALAPA
B15: =+CHEQUES!B14:F14 -> AL MES DE : MARZO DE 2026
B17: FECHA | C17: REFERENCIA | D17: CONCEPTO | E17: IMPORTE
B18: 31/03/2026 | C18: 326 | D18: REGISTRO DEL DEPOSITO DE LA RECAUDACION DEL DIA 02 DE MARZO DE 2026 | E18: 10380.24
B19: 31/03/2026 | C19: 326 | D19: REGISTRO DEL DEPOSITO DE LA RECAUDACION DEL DIA 03 DE MARZO DE 2026 | E19: 7339.25
B20: 31/03/2026 | C20: 326 | D20: REGISTRO DEL DEPOSITO DE LA RECAUDACION DEL DIA 04 DE MARZO DE 2026 | E20: 21656.56
B21: 31/03/2026 | C21: 326 | D21: REGISTRO DEL DEPOSITO DE LA RECAUDACION DEL DIA 05 DE MARZO DE 2026 | E21: 4730.44
B22: 31/03/2026 | C22: 326 | D22: REGISTRO DEL DEPOSITO DE LA RECAUDACION DEL DIA 06 DE MARZO DE 2026 | E22: 8070.35
B23: 31/03/2026 | C23: 326 | D23: REGISTRO DEL DEPOSITO DE LA RECAUDACION DEL DIA 09 DE MARZO DE 2026 | E23: 6100.12
B24: 31/03/2026 | C24: 326 | D24: REGISTRO DEL DEPOSITO DE LA RECAUDACION DEL DIA 10 DE MARZO DE 2026 | E24: 7417.14
B25: 31/03/2026 | C25: 326 | D25: REGISTRO DEL DEPOSITO DE LA RECAUDACION DEL DIA 11 DE MARZO DE 2026 | E25: 2763.14
B26: 31/03/2026 | C26: 326 | D26: REGISTRO DEL DEPOSITO DE LA RECAUDACION DEL DIA 12 DE MARZO DE 2026 | E26: 3149.6
B27: 31/03/2026 | C27: 326 | D27: REGISTRO DEL DEPOSITO DE LA RECAUDACION DEL DIA 13 DE MARZO DE 2026 | E27: 7159.05
B28: 31/03/2026 | C28: 326 | D28: REGISTRO DEL DEPOSITO DE LA RECAUDACION DEL DIA 17 DE MARZO DE 2026 | E28: 12323.76
B29: 31/03/2026 | C29: 326 | D29: REGISTRO DEL DEPOSITO DE LA RECAUDACION DEL DIA 18 DE MARZO DE 2026 | E29: 6022.32
... B35: 31/03/2026 | C35: 326 | D35: REGISTRO DEL DEPOSITO DE LA RECAUDACION DEL DIA 27 DE MARZO DE 2026 | E35: 2731.88
B36: 46112 | C36: 326 | D36: REGISTRO DEL DEPOSITO DE LA RECAUDACION DEL DIA 30 DE MARZO DE 2026 | E36: 5450.12
B37: 31/03/2026 | C37: 326 | D37: REGISTRO DEL DEPOSITO DE LA RECAUDACION DEL DIA 31 DE MARZO DE 2026 | E37: 17076.51
D38: TOTAL | E38: =SUM(E18:E37) -> 154783.85
